{
  "full_image_diff_bbox": [
    292,
    463,
    486,
    556
  ],
  "face_mask_bbox": [
    297,
    469,
    481,
    552
  ],
  "face_crop_box": [
    277,
    449,
    501,
    572
  ],
  "mean_rgb_abs_diff": [
    0.04351,
    0.043649,
    0.041787
  ],
  "rms_rgb_abs_diff": [
    0.602479,
    0.601891,
    0.567199
  ],
  "face_region_mean_abs": 1.650668,
  "eye_region_mean_abs": 0.0,
  "mouth_region_mean_abs": 0.989553,
  "clothing_mean_abs": 0.0,
  "background_corner_mean_abs": 0.0,
  "changed_pixel_count": 3051,
  "mask_pixel_count": 8487
}
