{
  "full_image_diff_bbox": [
    219,
    276,
    506,
    304
  ],
  "face_mask_bbox": [
    219,
    276,
    506,
    304
  ],
  "face_crop_box": [
    199,
    256,
    526,
    324
  ],
  "mean_rgb_abs_diff": [
    0.017831,
    0.016595,
    0.015711
  ],
  "rms_rgb_abs_diff": [
    0.390874,
    0.36429,
    0.347607
  ],
  "face_region_mean_abs": 1.226647,
  "eye_region_mean_abs": 0.26009,
  "mouth_region_mean_abs": 0.0,
  "clothing_mean_abs": 0.0,
  "background_corner_mean_abs": 0.0,
  "changed_pixel_count": 1338,
  "mask_pixel_count": 2562
}
