{
  "full_image_diff_bbox": [
    259,
    310,
    504,
    331
  ],
  "face_mask_bbox": [
    258,
    310,
    504,
    331
  ],
  "face_crop_box": [
    238,
    290,
    524,
    351
  ],
  "mean_rgb_abs_diff": [
    0.016669,
    0.015518,
    0.014799
  ],
  "rms_rgb_abs_diff": [
    0.473565,
    0.440199,
    0.427518
  ],
  "face_region_mean_abs": 1.788231,
  "eye_region_mean_abs": 0.248333,
  "mouth_region_mean_abs": 0.0,
  "clothing_mean_abs": 0.0,
  "background_corner_mean_abs": 0.0,
  "changed_pixel_count": 1004,
  "mask_pixel_count": 1768
}
