{
  "full_image_diff_bbox": [
    238,
    331,
    520,
    464
  ],
  "face_mask_bbox": [
    242,
    335,
    516,
    461
  ],
  "face_crop_box": [
    222,
    315,
    536,
    481
  ],
  "mean_rgb_abs_diff": [
    0.102973,
    0.095574,
    0.094235
  ],
  "rms_rgb_abs_diff": [
    0.906321,
    0.82961,
    0.788119
  ],
  "face_region_mean_abs": 1.662669,
  "eye_region_mean_abs": 0.21218,
  "mouth_region_mean_abs": 0.349681,
  "clothing_mean_abs": 0.0,
  "background_corner_mean_abs": 0.0,
  "changed_pixel_count": 7571,
  "mask_pixel_count": 18302
}
