{
  "full_image_diff_bbox": [
    280,
    250,
    488,
    420
  ],
  "nomouth_mask_bbox": [
    280,
    250,
    488,
    420
  ],
  "face_skin_crop_box": [
    260,
    230,
    508,
    440
  ],
  "mean_rgb_abs_diff": [
    0.1186167374253273,
    0.1177876815199852,
    0.1146257221698761
  ],
  "rms_rgb_abs_diff": [
    0.918701708316803,
    0.9222776889801025,
    0.9133397936820984
  ],
  "face_skin_region_mean_abs": [
    1.9576092958450317,
    1.9439268112182617,
    1.8917429447174072
  ],
  "eye_region_mean_abs": 1.3355729579925537,
  "mouth_region_mean_abs": 0.0,
  "blazer_mean_abs": 0.0,
  "background_corner_mean_abs": 0.0,
  "hair_region_mean_abs": 0.0,
  "changed_pixel_count": 15704,
  "mask_pixel_count": 16986
}