{
  "full_image_diff_bbox": [
    284,
    312,
    467,
    351
  ],
  "face_mask_bbox": [
    286,
    313,
    465,
    350
  ],
  "face_crop_box": [
    266,
    293,
    485,
    370
  ],
  "mean_rgb_abs_diff": [
    0.001451,
    0.001367,
    0.00145
  ],
  "rms_rgb_abs_diff": [
    0.065468,
    0.065286,
    0.064489
  ],
  "face_region_mean_abs": 0.124767,
  "eye_region_mean_abs": 0.022554,
  "mouth_region_mean_abs": 0.0,
  "clothing_mean_abs": 0.0,
  "background_corner_mean_abs": 0.0,
  "changed_pixel_count": 69,
  "mask_pixel_count": 639
}
