{
  "full_image_diff_bbox": [
    171,
    159,
    597,
    540
  ],
  "face_mask_bbox": [
    175,
    164,
    593,
    536
  ],
  "face_crop_box": [
    155,
    144,
    613,
    556
  ],
  "mean_rgb_abs_diff": [
    0.931335,
    0.872284,
    0.835792
  ],
  "rms_rgb_abs_diff": [
    3.131644,
    2.970369,
    2.840275
  ],
  "face_region_mean_abs": 3.333644,
  "eye_region_mean_abs": 5.247859,
  "mouth_region_mean_abs": 4.62697,
  "clothing_mean_abs": 0.0,
  "background_corner_mean_abs": 0.0,
  "changed_pixel_count": 63688,
  "mask_pixel_count": 115146
}
