{
  "full_image_diff_bbox": [
    277,
    297,
    472,
    360
  ],
  "face_mask_bbox": [
    280,
    300,
    469,
    357
  ],
  "face_crop_box": [
    260,
    280,
    489,
    377
  ],
  "mean_rgb_abs_diff": [
    0.011642,
    0.011124,
    0.010698
  ],
  "rms_rgb_abs_diff": [
    0.274264,
    0.270254,
    0.254863
  ],
  "face_region_mean_abs": 0.607259,
  "eye_region_mean_abs": 0.176864,
  "mouth_region_mean_abs": 0.0,
  "clothing_mean_abs": 0.0,
  "background_corner_mean_abs": 0.0,
  "changed_pixel_count": 717,
  "mask_pixel_count": 3159
}
