{
  "full_image_diff_bbox": [
    250,
    151,
    520,
    480
  ],
  "face_mask_bbox": [
    250,
    151,
    520,
    480
  ],
  "face_crop_box": [
    230,
    131,
    540,
    500
  ],
  "mean_rgb_abs_diff": [
    0.562224,
    0.565387,
    0.58532
  ],
  "rms_rgb_abs_diff": [
    2.256426,
    2.266106,
    2.351285
  ],
  "face_region_mean_abs": 3.791242,
  "eye_region_mean_abs": 4.576647,
  "mouth_region_mean_abs": 1.702967,
  "clothing_mean_abs": 0.0,
  "background_corner_mean_abs": 0.0,
  "changed_pixel_count": 44869,
  "mask_pixel_count": 69894
}
