{
  "full_image_diff_bbox": [
    304,
    444,
    439,
    478
  ],
  "face_mask_bbox": [
    304,
    444,
    439,
    477
  ],
  "face_crop_box": [
    284,
    424,
    459,
    497
  ],
  "mean_rgb_abs_diff": [
    0.009979,
    0.009152,
    0.009015
  ],
  "rms_rgb_abs_diff": [
    0.317025,
    0.316837,
    0.301294
  ],
  "face_region_mean_abs": 1.2419,
  "eye_region_mean_abs": 0.0,
  "mouth_region_mean_abs": 0.264769,
  "clothing_mean_abs": 0.0,
  "background_corner_mean_abs": 0.0,
  "changed_pixel_count": 704,
  "mask_pixel_count": 1261
}
