{
  "full_image_diff_bbox": [
    235,
    156,
    555,
    566
  ],
  "face_mask_bbox": [
    239,
    160,
    551,
    561
  ],
  "face_crop_box": [
    219,
    140,
    571,
    581
  ],
  "mean_rgb_abs_diff": [
    0.839667,
    0.779683,
    0.753164
  ],
  "rms_rgb_abs_diff": [
    3.147892,
    2.983122,
    2.911363
  ],
  "face_region_mean_abs": 3.727196,
  "eye_region_mean_abs": 5.361408,
  "mouth_region_mean_abs": 4.58386,
  "clothing_mean_abs": 0.000492,
  "background_corner_mean_abs": 0.0,
  "changed_pixel_count": 55790,
  "mask_pixel_count": 90685
}
