{
  "full_image_diff_bbox": [
    236,
    184,
    539,
    768
  ],
  "face_mask_bbox": [
    240,
    188,
    535,
    767
  ],
  "face_crop_box": [
    220,
    168,
    555,
    768
  ],
  "mean_rgb_abs_diff": [
    0.850091,
    0.83164,
    0.806742
  ],
  "rms_rgb_abs_diff": [
    2.886955,
    2.819935,
    2.742307
  ],
  "face_region_mean_abs": 2.862978,
  "eye_region_mean_abs": 4.234985,
  "mouth_region_mean_abs": 4.537671,
  "clothing_mean_abs": 0.016004,
  "clothing_mean_abs_outside_mask": true,
  "background_corner_mean_abs": 0.0,
  "changed_pixel_count": 61167,
  "mask_pixel_count": 112865
}
