{
  "full_image_diff_bbox": [
    280,
    250,
    489,
    421
  ],
  "nomouth_mask_bbox": [
    280,
    250,
    489,
    421
  ],
  "face_crop_box": [
    260,
    230,
    509,
    441
  ],
  "mean_rgb_abs_diff": [
    0.136151,
    0.152954,
    0.166282
  ],
  "rms_rgb_abs_diff": [
    1.092549,
    1.204397,
    1.306759
  ],
  "face_skin_region_mean_abs": 2.505181,
  "eye_region_mean_abs": 1.575015,
  "mouth_region_mean_abs": 0.001212,
  "clothing_mean_abs": 0.0,
  "background_corner_mean_abs": 0.0,
  "changed_pixel_count": 11266,
  "mask_pixel_count": 16986
}
