{
  "n_frames": 17,
  "mae_pairs": [
    [
      "first_mid",
      11.39225959777832
    ],
    [
      "mid_last",
      12.199296951293945
    ],
    [
      "first_last",
      15.449538230895996
    ]
  ],
  "adj_mae_mean": 3.047718733549118,
  "adj_mae_max": 3.9305639266967773,
  "region_mae_first_last": {
    "face": 21.57799530029297,
    "chest": 16.512557983398438,
    "hands": 20.389171600341797
  },
  "bytes": 292846
}
