{
  "full_image_diff_bbox": [
    0,
    0,
    768,
    1024
  ],
  "under_eye_mask_bbox": [
    226,
    410,
    543,
    594
  ],
  "face_crop_box": [
    206,
    390,
    563,
    614
  ],
  "mean_rgb_abs_diff": [
    1.982324,
    2.017766,
    2.004555
  ],
  "rms_rgb_abs_diff": [
    4.37653,
    4.311174,
    4.267558
  ],
  "face_skin_region_mean_abs": 7.171284,
  "eye_region_mean_abs": 9.535924,
  "mouth_region_mean_abs": 2.361881,
  "clothing_mean_abs": 2.314352,
  "background_corner_mean_abs": 1.044745,
  "changed_pixel_count": 160018,
  "mask_pixel_count": 37287
}
