{
  "source_blue_excess": 12.501829769736842,
  "repaired_blue_excess": 12.113384046052634,
  "blue_excess_delta_repaired_minus_source": -0.3884457236842085,
  "face_region_mad": 17.552642822265625,
  "repaired_sha256": "2985a6a9d2c59428ca5510a58100b8edb4bcb4296a364ba475b5028007ace5cf",
  "source_sha256": "3dc576cedc723be8bb565f32cc569c7d118feffc18ef3b178b37a10c31921bc4"
}
