{
  "full_image_diff_bbox": [
    340,
    454,
    403,
    463
  ],
  "face_mask_bbox": [
    340,
    454,
    403,
    463
  ],
  "face_crop_box": [
    320,
    434,
    423,
    483
  ],
  "mean_rgb_abs_diff": [
    0.003967,
    0.00462,
    0.003632
  ],
  "rms_rgb_abs_diff": [
    0.205762,
    0.21523,
    0.176383
  ],
  "face_region_mean_abs": 4.236919,
  "eye_region_mean_abs": 0.0,
  "mouth_region_mean_abs": 0.114944,
  "clothing_mean_abs": 0.0,
  "background_corner_mean_abs": 0.0,
  "changed_pixel_count": 328,
  "mask_pixel_count": 380
}
