{
  "full_image_diff_bbox": [
    345,
    300,
    422,
    407
  ],
  "face_mask_bbox": [
    345,
    300,
    422,
    407
  ],
  "face_crop_box": [
    325,
    280,
    442,
    427
  ],
  "mean_rgb_abs_diff": [
    0.045442,
    0.045417,
    0.046327
  ],
  "rms_rgb_abs_diff": [
    0.664778,
    0.658746,
    0.663655
  ],
  "face_region_mean_abs": 3.273698,
  "eye_region_mean_abs": 0.395941,
  "mouth_region_mean_abs": 0.0,
  "clothing_mean_abs": 0.0,
  "background_corner_mean_abs": 0.0,
  "changed_pixel_count": 3574,
  "mask_pixel_count": 4999
}
