{
  "full_image_diff_bbox": [
    240,
    221,
    539,
    528
  ],
  "face_mask_bbox": [
    244,
    225,
    535,
    524
  ],
  "face_crop_box": [
    224,
    205,
    555,
    544
  ],
  "mean_rgb_abs_diff": [
    0.589834,
    0.55227,
    0.518217
  ],
  "rms_rgb_abs_diff": [
    2.676957,
    2.525151,
    2.38828
  ],
  "face_region_mean_abs": 3.750397,
  "eye_region_mean_abs": 4.752962,
  "mouth_region_mean_abs": 3.817448,
  "clothing_mean_abs": 0.0,
  "background_corner_mean_abs": 0.0,
  "changed_pixel_count": 38503,
  "mask_pixel_count": 64758
}
