{
  "full_image_diff_bbox": [
    275,
    291,
    474,
    356
  ],
  "face_mask_bbox": [
    277,
    293,
    472,
    354
  ],
  "face_crop_box": [
    257,
    273,
    492,
    374
  ],
  "mean_rgb_abs_diff": [
    0.075916,
    0.071299,
    0.068832
  ],
  "rms_rgb_abs_diff": [
    1.090812,
    1.063612,
    1.018694
  ],
  "face_region_mean_abs": 3.566036,
  "eye_region_mean_abs": 1.141846,
  "mouth_region_mean_abs": 0.0,
  "clothing_mean_abs": 0.0,
  "background_corner_mean_abs": 0.0,
  "changed_pixel_count": 3915,
  "mask_pixel_count": 7283
}
