{
  "full_image_diff_bbox": [
    295,
    190,
    482,
    304
  ],
  "face_mask_bbox": [
    299,
    194,
    478,
    300
  ],
  "face_crop_box": [
    279,
    174,
    498,
    320
  ],
  "mean_rgb_abs_diff": [
    0.11037,
    0.113061,
    0.111231
  ],
  "rms_rgb_abs_diff": [
    0.956948,
    0.987496,
    0.966836
  ],
  "face_region_mean_abs": 3.455992,
  "eye_region_mean_abs": 1.000127,
  "mouth_region_mean_abs": 0.0,
  "clothing_mean_abs": 0.0,
  "background_corner_mean_abs": 0.0,
  "changed_pixel_count": 8327,
  "mask_pixel_count": 14838
}
