{
  "full_image_diff_bbox": [
    250,
    250,
    513,
    509
  ],
  "micro_mask_bbox": [
    250,
    250,
    513,
    509
  ],
  "face_crop_box": [
    230,
    230,
    533,
    529
  ],
  "mean_rgb_abs_diff": [
    0.270135,
    0.28076,
    0.279904
  ],
  "rms_rgb_abs_diff": [
    1.784768,
    1.811282,
    1.800194
  ],
  "face_skin_region_mean_abs": 2.397957,
  "eye_region_mean_abs": 2.399941,
  "mouth_region_mean_abs": 2.461802,
  "clothing_mean_abs": 0.0,
  "background_corner_mean_abs": 0.0,
  "changed_pixel_count": 19831,
  "mask_pixel_count": 28832
}
