{
  "full_image_diff_bbox": [
    387,
    291,
    474,
    352
  ],
  "face_mask_bbox": [
    389,
    293,
    472,
    350
  ],
  "face_crop_box": [
    369,
    273,
    492,
    370
  ],
  "mean_rgb_abs_diff": [
    0.045225,
    0.042107,
    0.041116
  ],
  "rms_rgb_abs_diff": [
    0.932967,
    0.894941,
    0.860456
  ],
  "face_region_mean_abs": 5.329317,
  "eye_region_mean_abs": 1.803857,
  "mouth_region_mean_abs": 0.0,
  "clothing_mean_abs": 0.0,
  "background_corner_mean_abs": 0.0,
  "changed_pixel_count": 2298,
  "mask_pixel_count": 3707
}
