{
  "full_image_diff_bbox": [
    250,
    250,
    513,
    509
  ],
  "micro_mask_bbox": [
    250,
    250,
    513,
    509
  ],
  "face_crop_box": [
    230,
    230,
    533,
    529
  ],
  "mean_rgb_abs_diff": [
    0.271473,
    0.281233,
    0.280136
  ],
  "rms_rgb_abs_diff": [
    1.793824,
    1.815964,
    1.804205
  ],
  "micro_region_mean_abs": 2.403854,
  "eye_region_mean_abs": 2.416657,
  "mouth_region_mean_abs": 2.464083,
  "nose_region_mean_abs": 2.589246,
  "forehead_region_mean_abs": 2.254781,
  "clothing_mean_abs": 0.0,
  "background_corner_mean_abs": 0.0,
  "changed_pixel_count": 19790,
  "mask_pixel_count": 28832
}
