{
  "schema_version": "1.0",
  "evidence_id": "W64-WAN22-SEED-ROBUSTNESS-TECHNICAL-QA-20260714T030930-0500",
  "timestamp": "2026-07-14T03:09:30-05:00",
  "lane_id": "wan_2_2_ti2v_5b_primary_lane",
  "runtime_evidence": "Plan/Instructions/QA/Evidence/Workflow_Runtime/W64_WAN22_SEED_ROBUSTNESS_TARGET_RUNTIME_20260714T030930-0500.json",
  "review_method": "hash_bound_opencv_decode_and_frame_metric_evaluation_for_new_seeds_plus_preserved_ffmpeg_baseline",
  "artifacts": [
    {
      "seed": 2271301,
      "sha256": "546da2e7d8ce3afaa02565913cef8008d3d45a2adb70d4449bab7f167c75b50d",
      "decoder": "FFmpeg 7.1",
      "width": 480,
      "height": 640,
      "decoded_frames": 49,
      "unique_frames": 49,
      "fps": 24.0,
      "duration_seconds": 2.04,
      "black_frames": 0,
      "max_freeze_run_frames": 0,
      "adjacent_rgb_mae_mean": 0.004638492432879467,
      "border_rgb_mae_mean": 0.0017920489167319793,
      "first_last_rgb_mae": 0.037000936620375686,
      "technical_pass": true
    },
    {
      "seed": 2271302,
      "sha256": "00bc9071669ebd0c594a7e20169de1c6d25d13becaa312cb1684a7942f721d51",
      "decoder": "opencv-python 4.11.0",
      "width": 480,
      "height": 640,
      "decoded_frames": 49,
      "unique_frames": 49,
      "fps": 24.0,
      "duration_seconds": 2.0416666666666665,
      "black_frames": 0,
      "freeze_transition_indexes": [16],
      "max_freeze_run_frames": 1,
      "allowed_max_freeze_run_frames": 2,
      "adjacent_rgb_mae_mean": 0.006221298461329507,
      "border_rgb_mae_mean": 0.0012850049505728522,
      "first_last_rgb_mae": 0.058687879524978934,
      "luminance_span": 1.5759700520833348,
      "technical_pass": true
    },
    {
      "seed": 2271303,
      "sha256": "c93e497b481cf3559c19e04818ca8d9a87424beb96eefa3fda92fc83430d62a5",
      "decoder": "opencv-python 4.11.0",
      "width": 480,
      "height": 640,
      "decoded_frames": 49,
      "unique_frames": 49,
      "fps": 24.0,
      "duration_seconds": 2.0416666666666665,
      "black_frames": 0,
      "freeze_transition_indexes": [],
      "max_freeze_run_frames": 0,
      "allowed_max_freeze_run_frames": 2,
      "adjacent_rgb_mae_mean": 0.005837269663031584,
      "border_rgb_mae_mean": 0.0020033291650607306,
      "first_last_rgb_mae": 0.03477653054630055,
      "luminance_span": 1.9319173177083542,
      "technical_pass": true
    }
  ],
  "source_evaluator_outputs": [
    "runtime_artifacts/wan22_seed_robustness/SEED2271302_TECHNICAL_QA.json",
    "runtime_artifacts/wan22_seed_robustness/SEED2271303_TECHNICAL_QA.json"
  ],
  "checks": {
    "all_artifact_hashes_bound": true,
    "all_artifacts_decode": true,
    "all_dimensions_exact": true,
    "all_frame_counts_exact": true,
    "all_fps_values_exact": true,
    "all_frames_unique_per_artifact": true,
    "no_black_frames": true,
    "freeze_runs_within_threshold": true,
    "luminance_stable": true,
    "border_motion_bounded": true,
    "terminal_frames_decoded": true
  },
  "failed_checks": [],
  "technical_pass": true,
  "result": "pass_bounded_three_seed_video_technical_qa",
  "boundaries": {
    "decoder_metric_cross_comparison_claimed": false,
    "visual_quality_reviewed_here": false,
    "identity_or_anatomy_certified_here": false,
    "production_video_lane_certification_claimed": false,
    "mask_or_geometry_authority_claimed": false
  }
}
